ham,Ok lar... Joking wif u oni...
spam,Free entry in 2 a wkly comp to win FA Cup final tkts 21st May 2005. Text FA to 87121 to receive entry question(std txt rate)T&C's apply 08452810075over18's
ham,U dun say so early hor... U c already then say...
ham,Even my brother is not like to speak with me. They treat me like aids patent.
ham,As per your request 'Melle Melle (Oru Minnaminunginte Nurungu Vettam)' has been set as your callertune for all Callers. Press *9 to copy your friends Callertune
spam,WINNER!! As a valued network customer you have been selected to receivea �900 prize reward! To claim call 09061701461. Claim code KL341. Valid 12 hours only.
spam,Had your mobile 11 months or more? U R entitled to Update to the latest colour mobiles with camera for Free! Call The Mobile Update Co FREE on 08002986030
ham,I've been searching for the right words to thank you for this breather. I promise i wont take your help for granted and will fulfil my promise. You have been wonderful and a blessing at all times.
ham,I HAVE A DATE ON SUNDAY WITH WILL!!
ham,Oh k...i'm watching here:)
ham,Eh u remember how 2 spell his name... Yes i did. He v naughty make until i v wet.
ham,Fine if that��s the way u feel. That��s the way its gota b
ham,Is that seriously how you spell his name?
ham,I���m going to try for 2 months ha ha only joking
ham,So �_ pay first lar... Then when is da stock comin...
ham,Aft i finish my lunch then i go str down lor. Ard 3 smth lor. U finish ur lunch already?
ham,Ffffffffff. Alright no way I can meet up with you sooner?
ham,Just forced myself to eat a slice. I'm really not hungry tho. This sucks. Mark is getting worried. He knows I'm sick when I turn down pizza. Lol
ham,Lol your always so convincing.
ham,Did you catch the bus ? Are you frying an egg ? Did you make a tea? Are you eating your mom's left over dinner ? Do you feel my Love ?
ham,Ahhh. Work. I vaguely remember that! What does it feel like? Lol
ham,Yeah he got in at 2 and was v apologetic. n had fallen out and she was actin like spoilt child and he got caught up in that. Till 2! But we won't go there! Not doing too badly cheers. You? 
ham,K tell me anything about you.
ham,For fear of fainting with the of all that housework you just did? Quick have a cuppa
spam,Thanks for your subscription to Ringtone UK your mobile will be charged �5/month Please confirm by replying YES or NO. If you reply NO you will not be charged
ham,Yup... Ok i go home look at the timings then i msg �_ again... Xuhui going to learn on 2nd may too but her lesson is at 8am
ham,I see the letter B on my car
ham,Anything lor... U decide...
ham,Hello! How's you and how did saturday go? I was just texting to see if you'd decided to do anything tomo. Not that i'm trying to invite myself or anything!
ham,Pls go ahead with watts. I just wanted to be sure. Do have a great weekend. Abiola
spam,07732584351 - Rodger Burns - MSG = We tried to call you re your reply to our sms for a free nokia mobile + free camcorder. Please call now 08000930705 for delivery tomorrow
ham,WHO ARE YOU SEEING?
ham,Great! I hope you like your man well endowed. I am  &lt;#&gt;  inches...
ham,No calls..messages..missed calls
ham,Didn't you get hep b immunisation in nigeria.
ham,U don't know how stubborn I am. I didn't even want to go to the hospital. I kept telling Mark I'm not a weak sucker. Hospitals are for weak suckers.
ham,What you thinked about me. First time you saw me in class.
ham,K fyi x has a ride early tomorrow morning but he's crashing at our place tonight
spam,SMS. ac Sptv: The New Jersey Devils and the Detroit Red Wings play Ice Hockey. Correct or Incorrect? End? Reply END SPTV
ham,Do you know what Mallika Sherawat did yesterday? Find out now @  &lt;URL&gt;
ham,Tell where you reached
ham,Yes..gauti and sehwag out of odi series.
ham,Your gonna have to pick up a $1 burger for yourself on your way home. I can't even move. Pain is killing me.
ham,Ha ha ha good joke. Girls are situation seekers.
ham,Its a part of checking IQ
ham,Ok lar i double check wif da hair dresser already he said wun cut v short. He said will cut until i look nice.
ham,I plane to give on this month end.
ham,Wah lucky man... Then can save money... Hee...
ham,Finished class where are you.
ham,HI BABE IM AT HOME NOW WANNA DO SOMETHING? XX
ham,K..k:)where are you?how did you performed?
ham,U can call me now...
ham,I am waiting machan. Call me once you free.
ham,Thats cool. i am a gentleman and will treat you with dignity and respect.
ham,I like you peoples very much:) but am very shy pa.
ham,Does not operate after  &lt;#&gt;  or what
ham,Its not the same here. Still looking for a job. How much do Ta's earn there.
ham,K. Did you call me just now ah? 
ham,Ok i am on the way to home hi hi
ham,You will be in the place of that man
ham,Yup next stop.
ham,For real when u getting on yo? I only need 2 more tickets and one more jacket and I'm done. I already used all my multis.
ham,Yes I started to send requests to make it but pain came back so I'm back in bed. Double coins at the factory too. I gotta cash in all my nitros.
ham,I'm really not up to it still tonight babe
ham,Yeah do! Don���t stand to close tho- you���ll catch something!
ham,Sorry to be a pain. Is it ok if we meet another night? I spent late afternoon in casualty and that means i haven't done any of y stuff42moro and that includes all my time sheets and that. Sorry. 
ham,Smile in Pleasure Smile in Pain Smile when trouble pours like Rain Smile when sum1 Hurts U Smile becoz SOMEONE still Loves to see u Smiling!!
spam,Please call our customer service representative on 0800 169 6031 between 10am-9pm as you have WON a guaranteed �1000 cash or �5000 prize!
ham,Havent planning to buy later. I check already lido only got 530 show in e afternoon. U finish work already?
ham,Watching telugu movie..wat abt u?
ham,i see. When we finish we have loads of loans to pay